Workbook

Sheet Forklaring
B6: Linje | C6: Formel | D6: Hva den betyr
B7: Bruttobehov | C7: Nivå 0: prognosen. Under: frigivelsen til delen over × antall | D7: Hvor mange vi trenger denne uken
B8: Planlagt mottak | C8: Fra arket Planlagte mottak | D8: Det som allerede er bestilt og kommer denne uken
B9: Disponibel | C9: Forrige ukes forventede lager + planlagt mottak − bruttobehov | D9: Hva vi har igjen hvis vi ikke bestiller noe nytt. Kan bli negativ.
B10: Nettobehov | C10: MAKS(0; sikkerhetslager − disponibel) | D10: Hvor mye vi må få inn for å komme opp til sikkerhetslageret
B11: Forventet lager | C11: Disponibel + nettobehov | D11: Lageret ved slutten av uken. Det blir startlageret neste uke.
B12: Frigivelse | C12: Nettobehovet flyttes ledetiden bakover i tid | D12: Når bestillingen må sendes. Havner den før uke 1, er den forfalt og legges i uke 1.

Sheet 100-001
B1: 100-001 Kontorstol Pro
A2: A2 / B2- LAGER | B2: =B16 -> 20
A3: A3 / B3- SIKKERHETSLAGER | B3: =C16 -> 5
A4: A4 / B4 LEDETID | B4: =D16 -> 1
A6: Uker | B6: 1 | C6: 2 | D6: 3 | E6: 4 | F6: 5 | G6: 6 | H6: 7 | I6: 8 | J6: 9 | K6: 10
A7: Bruttobehov | B7: =30 -> 30 | C7: 30 | D7: 35 | E7: 25 | F7: 40 | G7: 35 | H7: 30 | I7: 45 | J7: 35 | K7: 30
A8: Registrerte mottak | B8: 0 | C8: 0 | D8: 0 | E8: 0 | F8: 0 | G8: 0 | H8: 0 | I8: 0 | J8: 0 | K8: 0
A9: Disponibel | B9: =$B$2+B8-B7 -> -10 | C9: =B11+C8-C7 -> -25 | D9: =C11+D8-D7 -> -30 | E9: =D11+E8-E7 -> -20 | F9: =E11+F8-F7 -> -35 | G9: =F11+G8-G7 -> -30 | H9: =G11+H8-H7 -> -25 | I9: =H11+I8-I7 -> -40 | J9: =I11+J8-J7 -> -30 | K9: =J11+K8-K7 -> -25
A10: Nettobehov | B10: =MAXA(0,$B$3-B9) -> 15 | C10: =MAXA(0,$B$3-C9) -> 30 | D10: =MAXA(0,$B$3-D9) -> 35 | E10: =MAXA(0,$B$3-E9) -> 25 | F10: =MAXA(0,$B$3-F9) -> 40 | G10: =MAXA(0,$B$3-G9) -> 35 | H10: =MAXA(0,$B$3-H9) -> 30 | I10: =MAXA(0,$B$3-I9) -> 45 | ... K10: =MAXA(0,$B$3-K9) -> 30
A11: Forventet lager | B11: =B9+B10 -> 5 | C11: =C9+C10 -> 5 | D11: =D9+D10 -> 5 | E11: =E9+E10 -> 5 | F11: =F9+F10 -> 5 | G11: =G9+G10 -> 5 | H11: =H9+H10 -> 5 | I11: =I9+I10 -> 5 | ... K11: =K9+K10 -> 5
A12: Frigivelse | B12: =B10+C10 -> 45 | C12: =D10 -> 35 | D12: =E10 -> 25 | E12: =F10 -> 40 | F12: =G10 -> 35 | G12: =H10 -> 30 | H12: =I10 -> 45 | I12: =J10 -> 35 | J12: =K10 -> 30 | K12: =M9 -> 0
A13: Varsel | B13: Bestilling forsinket
A15: Del | B15: Lager | C15: SS | D15: Ledetid (uker) | E15: Antall per enhet over | F15: Delen over
A16: 100-001 Kontorstol Pro | B16: 20 | C16: 5 | D16: 1 | E16: – | F16: –
A17: 200-001 Sete | B17: 30 | C17: 5 | D17: 1 | E17: 1 | F17: 100-001 Kontorstol Pro
A18: 200-002 Rygg | B18: 85 | C18: 5 | D18: 1 | E18: 1 | F18: 100-001 Kontorstol Pro
A19: 300-001 Seteplate | B19: 120 | C19: 10 | D19: 2 | E19: 1 | F19: 200-001 Sete
A20: 300-002 Skruesett M6 | B20: 400 | C20: 50 | D20: 1 | E20: 4 per Sete + 2 per Rygg | F20: 200-001 Sete + 200-002 Rygg
A21: 300-003 Ryggtrekk | B21: 40 | C21: 30 | D21: 2 | E21: 1 | F21: 200-002 Rygg
A22: 300-004 Hjul | B22: 300 | C22: 30 | D22: 1 | E22: 5 | F22: 100-001 Kontorstol Pro
A23: 300-005 Gassfjær | B23: 400 | C23: 10 | D23: 12 | E23: 1 | F23: 100-001 Kontorstol Pro

Sheet 200-001
B1: 200-001 Sete
A2: A2 / B2- LAGER | B2: =B17 -> 30
A3: A3 / B3- SIKKERHETSLAGER | B3: =C17 -> 5
A4: A4 / B4 - LEDETID | B4: =D17 -> 1
A6: Uker | B6: 1 | C6: 2 | D6: 3 | E6: 4 | F6: 5 | G6: 6 | H6: 7 | I6: 8 | J6: 9 | K6: 10
A7: Bruttobehov | B7: ='100-001'!B12 -> 45 | C7: ='100-001'!C12 -> 35 | D7: ='100-001'!D12 -> 25 | E7: ='100-001'!E12 -> 40 | F7: ='100-001'!F12 -> 35 | G7: ='100-001'!G12 -> 30 | H7: ='100-001'!H12 -> 45 | I7: ='100-001'!I12 -> 35 | ... K7: ='100-001'!K12 -> 0
A8: Registrerte mottak | B8: 0 | C8: 0 | D8: 0 | E8: 0 | F8: 0 | G8: 0 | H8: 0 | I8: 0 | J8: 0 | K8: 0
A9: Disponibel | B9: =$B$2+B8-B7 -> -15 | C9: =B11+C8-C7 -> -30 | D9: =C11+D8-D7 -> -20 | E9: =D11+E8-E7 -> -35 | F9: =E11+F8-F7 -> -30 | G9: =F11+G8-G7 -> -25 | H9: =G11+H8-H7 -> -40 | I9: =H11+I8-I7 -> -30 | J9: =I11+J8-J7 -> -25 | K9: =J11+K8-K7 -> 5
A10: Nettobehov | B10: =MAXA(0,$B$3-B9) -> 20 | C10: =MAXA(0,$B$3-C9) -> 35 | D10: =MAXA(0,$B$3-D9) -> 25 | E10: =MAXA(0,$B$3-E9) -> 40 | F10: =MAXA(0,$B$3-F9) -> 35 | G10: =MAXA(0,$B$3-G9) -> 30 | H10: =MAXA(0,$B$3-H9) -> 45 | I10: =MAXA(0,$B$3-I9) -> 35 | ... K10: =MAXA(0,$B$3-K9) -> 0
A11: Forventet lager | B11: =B9+B10 -> 5 | C11: =C9+C10 -> 5 | D11: =D9+D10 -> 5 | E11: =E9+E10 -> 5 | F11: =F9+F10 -> 5 | G11: =G9+G10 -> 5 | H11: =H9+H10 -> 5 | I11: =I9+I10 -> 5 | ... K11: =K9+K10 -> 5
A12: Frigivelse | B12: =B10+C10 -> 55 | C12: =D10 -> 25 | D12: =E10 -> 40 | E12: =F10 -> 35 | F12: =G10 -> 30 | G12: =H10 -> 45 | H12: =I10 -> 35 | I12: =J10 -> 30 | J12: =K10 -> 0 | K12: =M9 -> 0
A13: Varsel | B13: Bestilling forsinket
A15: Del | B15: Lager | C15: SS | D15: Ledetid (uker) | E15: Antall per enhet over | F15: Delen over
A16: 100-001 Kontorstol Pro | B16: 20 | C16: 5 | D16: 1 | E16: – | F16: –
A17: 200-001 Sete | B17: 30 | C17: 5 | D17: 1 | E17: 1 | F17: 100-001 Kontorstol Pro
A18: 200-002 Rygg | B18: 85 | C18: 5 | D18: 1 | E18: 1 | F18: 100-001 Kontorstol Pro
A19: 300-001 Seteplate | B19: 120 | C19: 10 | D19: 2 | E19: 1 | F19: 200-001 Sete
A20: 300-002 Skruesett M6 | B20: 400 | C20: 50 | D20: 1 | E20: 4 per Sete + 2 per Rygg | F20: 200-001 Sete + 200-002 Rygg
A21: 300-003 Ryggtrekk | B21: 40 | C21: 30 | D21: 2 | E21: 1 | F21: 200-002 Rygg
A22: 300-004 Hjul | B22: 300 | C22: 30 | D22: 1 | E22: 5 | F22: 100-001 Kontorstol Pro
A23: 300-005 Gassfjær | B23: 400 | C23: 10 | D23: 12 | E23: 1 | F23: 100-001 Kontorstol Pro

Sheet 200-002
B1: 200-002 Rygg
A2: A2 / B2- LAGER | B2: =B18 -> 85
A3: A3 / B3- SIKKERHETSLAGER | B3: =C18 -> 5
A4: A4 / B4- LEDTID | B4: =D18 -> 1
A6: Uker | B6: 1 | C6: 2 | D6: 3 | E6: 4 | F6: 5 | G6: 6 | H6: 7 | I6: 8 | J6: 9 | K6: 10
A7: Bruttobehov | B7: ='100-001'!B12*1 -> 45 | C7: ='100-001'!C12*1 -> 35 | D7: ='100-001'!D12*1 -> 25 | E7: ='100-001'!E12*1 -> 40 | F7: ='100-001'!F12*1 -> 35 | G7: ='100-001'!G12*1 -> 30 | H7: ='100-001'!H12*1 -> 45 | I7: ='100-001'!I12*1 -> 35 | ... K7: ='100-001'!K12*1 -> 0
A8: Registrerte mottak | B8: 0 | C8: 0 | D8: 0 | E8: 40 | F8: 0 | G8: 0 | H8: 0 | I8: 0 | J8: 0 | K8: 0
A9: Disponibel | B9: =$B$2+B8-B7 -> 40 | C9: =B11+C8-C7 -> 5 | D9: =C11+D8-D7 -> -20 | E9: =D11+E8-E7 -> 5 | F9: =E11+F8-F7 -> -30 | G9: =F11+G8-G7 -> -25 | H9: =G11+H8-H7 -> -40 | I9: =H11+I8-I7 -> -30 | J9: =I11+J8-J7 -> -25 | K9: =J11+K8-K7 -> 5
A10: Nettobehov | B10: =MAXA(0,$B$3-B9) -> 0 | C10: =MAXA(0,$B$3-C9) -> 0 | D10: =MAXA(0,$B$3-D9) -> 25 | E10: =MAXA(0,$B$3-E9) -> 0 | F10: =MAXA(0,$B$3-F9) -> 35 | G10: =MAXA(0,$B$3-G9) -> 30 | H10: =MAXA(0,$B$3-H9) -> 45 | I10: =MAXA(0,$B$3-I9) -> 35 | ... K10: =MAXA(0,$B$3-K9) -> 0
A11: Forventet lager | B11: =B9+B10 -> 40 | C11: =C9+C10 -> 5 | D11: =D9+D10 -> 5 | E11: =E9+E10 -> 5 | F11: =F9+F10 -> 5 | G11: =G9+G10 -> 5 | H11: =H9+H10 -> 5 | I11: =I9+I10 -> 5 | ... K11: =K9+K10 -> 5
A12: Frigivelse | B12: =B10+C10 -> 0 | C12: =D10 -> 25 | D12: =E10 -> 0 | E12: =F10 -> 35 | F12: =G10 -> 30 | G12: =H10 -> 45 | H12: =I10 -> 35 | I12: =J10 -> 30 | J12: =K10 -> 0 | K12: =M9 -> 0
A13: Varsel | D13: Mottak forsinket
A15: Del | B15: Lager | C15: SS | D15: Ledetid (uker) | E15: Antall per enhet over | F15: Delen over
A16: 100-001 Kontorstol Pro | B16: 20 | C16: 5 | D16: 1 | E16: – | F16: –
A17: 200-001 Sete | B17: 30 | C17: 5 | D17: 1 | E17: 1 | F17: 100-001 Kontorstol Pro
A18: 200-002 Rygg | B18: 85 | C18: 5 | D18: 1 | E18: 1 | F18: 100-001 Kontorstol Pro
A19: 300-001 Seteplate | B19: 120 | C19: 10 | D19: 2 | E19: 1 | F19: 200-001 Sete
A20: 300-002 Skruesett M6 | B20: 400 | C20: 50 | D20: 1 | E20: 4 per Sete + 2 per Rygg | F20: 200-001 Sete + 200-002 Rygg
A21: 300-003 Ryggtrekk | B21: 40 | C21: 30 | D21: 2 | E21: 1 | F21: 200-002 Rygg
A22: 300-004 Hjul | B22: 300 | C22: 30 | D22: 1 | E22: 5 | F22: 100-001 Kontorstol Pro
A23: 300-005 Gassfjær | B23: 400 | C23: 10 | D23: 12 | E23: 1 | F23: 100-001 Kontorstol Pro

Sheet 300-001
B1: 300-001 Seteplate
A2: A2 / B2- LAGER | B2: =B19 -> 120
A3: A3 / B3- SIKKERHETSLAGER | B3: =C19 -> 10
A4: A4 / B4- LEDETID | B4: =D19 -> 2
A6: Uker | B6: 1 | C6: 2 | D6: 3 | E6: 4 | F6: 5 | G6: 6 | H6: 7 | I6: 8 | J6: 9 | K6: 10
A7: Bruttobehov | B7: ='200-001'!B12 -> 55 | C7: ='200-001'!C12 -> 25 | D7: ='200-001'!D12 -> 40 | E7: ='200-001'!E12 -> 35 | F7: ='200-001'!F12 -> 30 | G7: ='200-001'!G12 -> 45 | H7: ='200-001'!H12 -> 35 | I7: ='200-001'!I12 -> 30 | ... K7: ='200-001'!K12 -> 0
A8: Registrerte mottak | B8: 0 | C8: 0 | D8: 0 | E8: 0 | F8: 0 | G8: 0 | H8: 0 | I8: 0 | J8: 0 | K8: 0
A9: Disponibel | B9: =$B$2+B8-B7 -> 65 | C9: =B11+C8-C7 -> 40 | D9: =C11+D8-D7 -> 0 | E9: =D11+E8-E7 -> -25 | F9: =E11+F8-F7 -> -20 | G9: =F11+G8-G7 -> -35 | H9: =G11+H8-H7 -> -25 | I9: =H11+I8-I7 -> -20 | J9: =I11+J8-J7 -> 10 | K9: =J11+K8-K7 -> 10
A10: Nettobehov | B10: =MAXA(0,$B$3-B9) -> 0 | C10: =MAXA(0,$B$3-C9) -> 0 | D10: =MAXA(0,$B$3-D9) -> 10 | E10: =MAXA(0,$B$3-E9) -> 35 | F10: =MAXA(0,$B$3-F9) -> 30 | G10: =MAXA(0,$B$3-G9) -> 45 | H10: =MAXA(0,$B$3-H9) -> 35 | I10: =MAXA(0,$B$3-I9) -> 30 | ... K10: =MAXA(0,$B$3-K9) -> 0
A11: Forventet lager | B11: =B9+B10 -> 65 | C11: =C9+C10 -> 40 | D11: =D9+D10 -> 10 | E11: =E9+E10 -> 10 | F11: =F9+F10 -> 10 | G11: =G9+G10 -> 10 | H11: =H9+H10 -> 10 | I11: =I9+I10 -> 10 | ... K11: =K9+K10 -> 10
A12: Frigivelse | B12: =B10+C10+D10 -> 10 | C12: =E10 -> 35 | D12: =F10 -> 30 | E12: =G10 -> 45 | F12: =H10 -> 35 | G12: =I10 -> 30 | H12: =J10 -> 0 | I12: =K10 -> 0 | J12: =M9 -> 0 | K12: =N9 -> 0
A13: Varsel
A15: Del | B15: Lager | C15: SS | D15: Ledetid (uker) | E15: Antall per enhet over | F15: Delen over
A16: 100-001 Kontorstol Pro | B16: 20 | C16: 5 | D16: 1 | E16: – | F16: –
A17: 200-001 Sete | B17: 30 | C17: 5 | D17: 1 | E17: 1 | F17: 100-001 Kontorstol Pro
A18: 200-002 Rygg | B18: 85 | C18: 5 | D18: 1 | E18: 1 | F18: 100-001 Kontorstol Pro
A19: 300-001 Seteplate | B19: 120 | C19: 10 | D19: 2 | E19: 1 | F19: 200-001 Sete
A20: 300-002 Skruesett M6 | B20: 400 | C20: 50 | D20: 1 | E20: 4 per Sete + 2 per Rygg | F20: 200-001 Sete + 200-002 Rygg
A21: 300-003 Ryggtrekk | B21: 40 | C21: 30 | D21: 2 | E21: 1 | F21: 200-002 Rygg
A22: 300-004 Hjul | B22: 300 | C22: 30 | D22: 1 | E22: 5 | F22: 100-001 Kontorstol Pro
A23: 300-005 Gassfjær | B23: 400 | C23: 10 | D23: 12 | E23: 1 | F23: 100-001 Kontorstol Pro

Sheet 300-002
B1: 300-002 Skruesett
A2: A2 / B2- LAGER | B2: =B20 -> 400
A3: A3 / B3- SIKKERHETSLAGER | B3: =C20 -> 50
A4: A4 / B4 - LEDETID | B4: =D20 -> 1
A6: Uker | B6: 1 | C6: 2 | D6: 3 | E6: 4 | F6: 5 | G6: 6 | H6: 7 | I6: 8 | J6: 9 | K6: 10
A7: Bruttobehov | B7: ='200-001'!B12*4+'200-002'!B12*2 -> 220 | C7: ='200-001'!C12*4+'200-002'!C12*2 -> 150 | D7: ='200-001'!D12*4+'200-002'!D12*2 -> 160 | E7: ='200-001'!E12*4+'200-002'!E12*2 -> 210 | F7: ='200-001'!F12*4+'200-002'!F12*2 -> 180 | G7: ='200-001'!G12*4+'200-002'!G12*2 -> 270 | H7: ='200-001'!H12*4+'200-002'!H12*2 -> 210 | I7: ='200-001'!I12*4+'200-002'!I12*2 -> 180 | ... K7: ='200-001'!K12*4+'200-002'!K12*2 -> 0
A8: Registrerte mottak | B8: 0 | C8: 0 | D8: 0 | E8: 0 | F8: 0 | G8: 0 | H8: 0 | I8: 0 | J8: 0 | K8: 0
A9: Disponibel | B9: =$B$2+B8-B7 -> 180 | C9: =B11+C8-C7 -> 30 | D9: =C11+D8-D7 -> -110 | E9: =D11+E8-E7 -> -160 | F9: =E11+F8-F7 -> -130 | G9: =F11+G8-G7 -> -220 | H9: =G11+H8-H7 -> -160 | I9: =H11+I8-I7 -> -130 | J9: =I11+J8-J7 -> 50 | K9: =J11+K8-K7 -> 50
A10: Nettobehov | B10: =MAXA(0,$B$3-B9) -> 0 | C10: =MAXA(0,$B$3-C9) -> 20 | D10: =MAXA(0,$B$3-D9) -> 160 | E10: =MAXA(0,$B$3-E9) -> 210 | F10: =MAXA(0,$B$3-F9) -> 180 | G10: =MAXA(0,$B$3-G9) -> 270 | H10: =MAXA(0,$B$3-H9) -> 210 | I10: =MAXA(0,$B$3-I9) -> 180 | ... K10: =MAXA(0,$B$3-K9) -> 0
A11: Forventet lager | B11: =B9+B10 -> 180 | C11: =C9+C10 -> 50 | D11: =D9+D10 -> 50 | E11: =E9+E10 -> 50 | F11: =F9+F10 -> 50 | G11: =G9+G10 -> 50 | H11: =H9+H10 -> 50 | I11: =I9+I10 -> 50 | ... K11: =K9+K10 -> 50
A12: Frigivelse | B12: =B10+C10 -> 20 | C12: =D10 -> 160 | D12: =E10 -> 210 | E12: =F10 -> 180 | F12: =G10 -> 270 | G12: =H10 -> 210 | H12: =I10 -> 180 | I12: =J10 -> 0 | J12: =K10 -> 0 | K12: =M9 -> 0
A13: Varsel
A15: Del | B15: Lager | C15: SS | D15: Ledetid (uker) | E15: Antall per enhet over | F15: Delen over
A16: 100-001 Kontorstol Pro | B16: 20 | C16: 5 | D16: 1 | E16: – | F16: –
A17: 200-001 Sete | B17: 30 | C17: 5 | D17: 1 | E17: 1 | F17: 100-001 Kontorstol Pro
A18: 200-002 Rygg | B18: 85 | C18: 5 | D18: 1 | E18: 1 | F18: 100-001 Kontorstol Pro
A19: 300-001 Seteplate | B19: 120 | C19: 10 | D19: 2 | E19: 1 | F19: 200-001 Sete
A20: 300-002 Skruesett M6 | B20: 400 | C20: 50 | D20: 1 | E20: 4 per Sete + 2 per Rygg | F20: 200-001 Sete + 200-002 Rygg
A21: 300-003 Ryggtrekk | B21: 40 | C21: 30 | D21: 2 | E21: 1 | F21: 200-002 Rygg
A22: 300-004 Hjul | B22: 300 | C22: 30 | D22: 1 | E22: 5 | F22: 100-001 Kontorstol Pro
A23: 300-005 Gassfjær | B23: 400 | C23: 10 | D23: 12 | E23: 1 | F23: 100-001 Kontorstol Pro

Sheet 300-003
B1: 300-003 Ryggtrekk
A2: A2 / B2- LAGER | B2: =B21 -> 40
A3: A3 / B3- SIKKERHETSLAGER | B3: =C21 -> 30
A4: A4 / B4- LEDETID | B4: =D21 -> 2
A6: Uker | B6: 1 | C6: 2 | D6: 3 | E6: 4 | F6: 5 | G6: 6 | H6: 7 | I6: 8 | J6: 9 | K6: 10
A7: Bruttobehov | B7: ='200-002'!B12 -> 0 | C7: ='200-002'!C12 -> 25 | D7: ='200-002'!D12 -> 0 | E7: ='200-002'!E12 -> 35 | F7: ='200-002'!F12 -> 30 | G7: ='200-002'!G12 -> 45 | H7: ='200-002'!H12 -> 35 | I7: ='200-002'!I12 -> 30 | ... K7: ='200-002'!K12 -> 0
A8: Registrerte mottak | B8: 0 | C8: 0 | D8: 0 | E8: 0 | F8: 0 | G8: 0 | H8: 0 | I8: 0 | J8: 0 | K8: 0
A9: Disponibel | B9: =$B$2+B8-B7 -> 40 | C9: =B11+C8-C7 -> 15 | D9: =C11+D8-D7 -> 30 | E9: =D11+E8-E7 -> -5 | F9: =E11+F8-F7 -> 0 | G9: =F11+G8-G7 -> -15 | H9: =G11+H8-H7 -> -5 | I9: =H11+I8-I7 -> 0 | J9: =I11+J8-J7 -> 30 | K9: =J11+K8-K7 -> 30
A10: Nettobehov | B10: =MAXA(0,$B$3-B9) -> 0 | C10: =MAXA(0,$B$3-C9) -> 15 | D10: =MAXA(0,$B$3-D9) -> 0 | E10: =MAXA(0,$B$3-E9) -> 35 | F10: =MAXA(0,$B$3-F9) -> 30 | G10: =MAXA(0,$B$3-G9) -> 45 | H10: =MAXA(0,$B$3-H9) -> 35 | I10: =MAXA(0,$B$3-I9) -> 30 | ... K10: =MAXA(0,$B$3-K9) -> 0
A11: Forventet lager | B11: =B9+B10 -> 40 | C11: =C9+C10 -> 30 | D11: =D9+D10 -> 30 | E11: =E9+E10 -> 30 | F11: =F9+F10 -> 30 | G11: =G9+G10 -> 30 | H11: =H9+H10 -> 30 | I11: =I9+I10 -> 30 | ... K11: =K9+K10 -> 30
A12: Frigivelse | B12: =B10+C10+D10 -> 15 | C12: =E10 -> 35 | D12: =F10 -> 30 | E12: =G10 -> 45 | F12: =H10 -> 35 | G12: =I10 -> 30 | H12: =J10 -> 0 | I12: =K10 -> 0 | J12: =M9 -> 0 | K12: =N9 -> 0
A13: Varsel | C13: Bruk av sikkerhetslager
A15: Del | B15: Lager | C15: SS | D15: Ledetid (uker) | E15: Antall per enhet over | F15: Delen over
A16: 100-001 Kontorstol Pro | B16: 20 | C16: 5 | D16: 1 | E16: – | F16: –
A17: 200-001 Sete | B17: 30 | C17: 5 | D17: 1 | E17: 1 | F17: 100-001 Kontorstol Pro
A18: 200-002 Rygg | B18: 85 | C18: 5 | D18: 1 | E18: 1 | F18: 100-001 Kontorstol Pro
A19: 300-001 Seteplate | B19: 120 | C19: 10 | D19: 2 | E19: 1 | F19: 200-001 Sete
A20: 300-002 Skruesett M6 | B20: 400 | C20: 50 | D20: 1 | E20: 4 per Sete + 2 per Rygg | F20: 200-001 Sete + 200-002 Rygg
A21: 300-003 Ryggtrekk | B21: 40 | C21: 30 | D21: 2 | E21: 1 | F21: 200-002 Rygg
A22: 300-004 Hjul | B22: 300 | C22: 30 | D22: 1 | E22: 5 | F22: 100-001 Kontorstol Pro
A23: 300-005 Gassfjær | B23: 400 | C23: 10 | D23: 12 | E23: 1 | F23: 100-001 Kontorstol Pro

Sheet 300-004 
B1: 300-004 Hjul
A2: A2 / B2- LAGER | B2: =B22 -> 300
A3: A3 / B3- SIKKERHETSLAGER | B3: =C22 -> 30
A4: A4 / B4- LEDETID | B4: =D22 -> 1
A6: Uker | B6: 1 | C6: 2 | D6: 3 | E6: 4 | F6: 5 | G6: 6 | H6: 7 | I6: 8 | J6: 9 | K6: 10
A7: Bruttobehov | B7: ='100-001'!B12*5 -> 225 | C7: ='100-001'!C12*5 -> 175 | D7: ='100-001'!D12*5 -> 125 | E7: ='100-001'!E12*5 -> 200 | F7: ='100-001'!F12*5 -> 175 | G7: ='100-001'!G12*5 -> 150 | H7: ='100-001'!H12*5 -> 225 | I7: ='100-001'!I12*5 -> 175 | ... K7: ='100-001'!K12*5 -> 0
A8: Registrerte mottak | B8: 0 | C8: 0 | D8: 0 | E8: 0 | F8: 0 | G8: 0 | H8: 0 | I8: 0 | J8: 0 | K8: 0
A9: Disponibel | B9: =$B$2+B8-B7 -> 75 | C9: =B11+C8-C7 -> -100 | D9: =C11+D8-D7 -> -95 | E9: =D11+E8-E7 -> -170 | F9: =E11+F8-F7 -> -145 | G9: =F11+G8-G7 -> -120 | H9: =G11+H8-H7 -> -195 | I9: =H11+I8-I7 -> -145 | J9: =I11+J8-J7 -> -120 | K9: =J11+K8-K7 -> 30
A10: Nettobehov | B10: =MAXA(0,$B$3-B9) -> 0 | C10: =MAXA(0,$B$3-C9) -> 130 | D10: =MAXA(0,$B$3-D9) -> 125 | E10: =MAXA(0,$B$3-E9) -> 200 | F10: =MAXA(0,$B$3-F9) -> 175 | G10: =MAXA(0,$B$3-G9) -> 150 | H10: =MAXA(0,$B$3-H9) -> 225 | I10: =MAXA(0,$B$3-I9) -> 175 | ... K10: =MAXA(0,$B$3-K9) -> 0
A11: Forventet lager | B11: =B9+B10 -> 75 | C11: =C9+C10 -> 30 | D11: =D9+D10 -> 30 | E11: =E9+E10 -> 30 | F11: =F9+F10 -> 30 | G11: =G9+G10 -> 30 | H11: =H9+H10 -> 30 | I11: =I9+I10 -> 30 | ... K11: =K9+K10 -> 30
A12: Frigivelse | B12: =B10+C10 -> 130 | C12: =D10 -> 125 | D12: =E10 -> 200 | E12: =F10 -> 175 | F12: =G10 -> 150 | G12: =H10 -> 225 | H12: =I10 -> 175 | I12: =J10 -> 150 | J12: =K10 -> 0 | K12: =L10 -> 0
A13: Varsel
A15: Del | B15: Lager | C15: SS | D15: Ledetid (uker) | E15: Antall per enhet over | F15: Delen over
A16: 100-001 Kontorstol Pro | B16: 20 | C16: 5 | D16: 1 | E16: – | F16: –
A17: 200-001 Sete | B17: 30 | C17: 5 | D17: 1 | E17: 1 | F17: 100-001 Kontorstol Pro
A18: 200-002 Rygg | B18: 85 | C18: 5 | D18: 1 | E18: 1 | F18: 100-001 Kontorstol Pro
A19: 300-001 Seteplate | B19: 120 | C19: 10 | D19: 2 | E19: 1 | F19: 200-001 Sete
A20: 300-002 Skruesett M6 | B20: 400 | C20: 50 | D20: 1 | E20: 4 per Sete + 2 per Rygg | F20: 200-001 Sete + 200-002 Rygg
A21: 300-003 Ryggtrekk | B21: 40 | C21: 30 | D21: 2 | E21: 1 | F21: 200-002 Rygg
A22: 300-004 Hjul | B22: 300 | C22: 30 | D22: 1 | E22: 5 | F22: 100-001 Kontorstol Pro
A23: 300-005 Gassfjær | B23: 400 | C23: 10 | D23: 12 | E23: 1 | F23: 100-001 Kontorstol Pro

Sheet 300-005 
B1: 300-005 Gassfjær
A2: A2 / B2- LAGER | B2: =B23 -> 400
A3: A3 / B3- SIKKERHETSLAGER | B3: =C23 -> 10
A4: A4 / B4- LEDETID | B4: =D23 -> 12
A6: Uker | B6: 1 | C6: 2 | D6: 3 | E6: 4 | F6: 5 | G6: 6 | H6: 7 | I6: 8 | J6: 9 | K6: 10
A7: Bruttobehov | B7: ='100-001'!B12 -> 45 | C7: ='100-001'!C12 -> 35 | D7: ='100-001'!D12 -> 25 | E7: ='100-001'!E12 -> 40 | F7: ='100-001'!F12 -> 35 | G7: ='100-001'!G12 -> 30 | H7: ='100-001'!H12 -> 45 | I7: ='100-001'!I12 -> 35 | ... K7: ='100-001'!K12 -> 0
A8: Registrerte mottak | B8: 0 | C8: 0 | D8: 0 | E8: 0 | F8: 0 | G8: 0 | H8: 0 | I8: 0 | J8: 0 | K8: 0
A9: Disponibel | B9: =$B$2+B8-B7 -> 355 | C9: =B11+C8-C7 -> 320 | D9: =C11+D8-D7 -> 295 | E9: =D11+E8-E7 -> 255 | F9: =E11+F8-F7 -> 220 | G9: =F11+G8-G7 -> 190 | H9: =G11+H8-H7 -> 145 | I9: =H11+I8-I7 -> 110 | J9: =I11+J8-J7 -> 80 | K9: =J11+K8-K7 -> 80
A10: Nettobehov | B10: =MAXA(0,$B$3-B9) -> 0 | C10: =MAXA(0,$B$3-C9) -> 0 | D10: =MAXA(0,$B$3-D9) -> 0 | E10: =MAXA(0,$B$3-E9) -> 0 | F10: =MAXA(0,$B$3-F9) -> 0 | G10: =MAXA(0,$B$3-G9) -> 0 | H10: =MAXA(0,$B$3-H9) -> 0 | I10: =MAXA(0,$B$3-I9) -> 0 | ... K10: =MAXA(0,$B$3-K9) -> 0
A11: Forventet lager | B11: =B9+B10 -> 355 | C11: =C9+C10 -> 320 | D11: =D9+D10 -> 295 | E11: =E9+E10 -> 255 | F11: =F9+F10 -> 220 | G11: =G9+G10 -> 190 | H11: =H9+H10 -> 145 | I11: =I9+I10 -> 110 | ... K11: =K9+K10 -> 80
A12: Frigivelse | B12: =SUM(B10:K10) -> 0 | C12: =SUM(C10:L10) -> 0 | D12: =SUM(D10:M10) -> 0 | E12: =SUM(E10:N10) -> 0 | F12: =SUM(F10:O10) -> 0 | G12: =SUM(G10:P10) -> 0 | H12: =SUM(H10:Q10) -> 0 | I12: =SUM(I10:R10) -> 0 | ... K12: =SUM(K10:T10) -> 0
A13: Varsel | B13: Ledetid overskrider horisont
A15: Del | B15: Lager | C15: SS | D15: Ledetid (uker) | E15: Antall per enhet over | F15: Delen over
A16: 100-001 Kontorstol Pro | B16: 20 | C16: 5 | D16: 1 | E16: – | F16: –
A17: 200-001 Sete | B17: 30 | C17: 5 | D17: 1 | E17: 1 | F17: 100-001 Kontorstol Pro
A18: 200-002 Rygg | B18: 85 | C18: 5 | D18: 1 | E18: 1 | F18: 100-001 Kontorstol Pro
A19: 300-001 Seteplate | B19: 120 | C19: 10 | D19: 2 | E19: 1 | F19: 200-001 Sete
A20: 300-002 Skruesett M6 | B20: 400 | C20: 50 | D20: 1 | E20: 4 per Sete + 2 per Rygg | F20: 200-001 Sete + 200-002 Rygg
A21: 300-003 Ryggtrekk | B21: 40 | C21: 30 | D21: 2 | E21: 1 | F21: 200-002 Rygg
A22: 300-004 Hjul | B22: 300 | C22: 30 | D22: 1 | E22: 5 | F22: 100-001 Kontorstol Pro
A23: 300-005 Gassfjær | B23: 400 | C23: 10 | D23: 12 | E23: 1 | F23: 100-001 Kontorstol Pro
